{
  "failed": {
    "0": 193.1869293717441,
    "1": 0.0,
    "2": 31.353830409356725,
    "3": 17.696307872956197
  },
  "nonfailed": {
    "0": 165.70743970620805,
    "1": 0.0,
    "2": 4.144086021505377,
    "3": 32.19097115199289
  }
}