from,to_0,to_1,to_2,to_3
0,0.9946349560272039,0.0,8.198255178573336e-7,0.005364224147278322
1,0.0,0.0,0.0,0.0
2,0.06334841628959276,0.0,0.8597285067873304,0.07692307692307693
3,0.007941751014086779,0.0,1.5430078159958771e-6,0.9920567059780973
