from,to_0,to_1,to_2,to_3
0,0.9956371575902343,0.0,6.813373451458324e-6,0.004356029036314249
1,0.0,0.0,0.0,0.0
2,0.0018770089861805212,0.0,0.9919405926655874,0.006182398348232092
3,0.010881848485907765,0.0,0.00005429678075962772,0.9890638547333326
