{
  "single_noise_null": {
    "n_trials": 200,
    "mean": 0.30273333333333335,
    "std": 0.25323611292406323,
    "p5": 0.0,
    "p25": 0.0,
    "p50": 0.33999999999999997,
    "p75": 0.535,
    "p95": 0.6866666666666666
  },
  "additive_noise_delta": {
    "n_trials": 100,
    "baseline_auroc": 0.9266666666666667,
    "mean_delta": -0.01933333333333338,
    "p5_delta": -0.046666666666666745,
    "p95_delta": 0.006666666666666599
  }
}